{"cameraMode":{"drawMode":0,"name":"Shaded","section":"Shading Mode"},"sceneLighting":true,"audioPlay":false,"sceneViewState":{"m_AlwaysRefresh":false,"showFog":true,"showSkybox":true,"showFlares":true,"showImageEffects":true,"showParticleSystems":true,"showVisualEffectGraphs":true,"m_FxEnabled":true},"in2DMode":false,"pivot":{"x":-2.245068073272705,"y":10.324220657348633,"z":-134.03823852539063},"rotation":{"x":0.1469048410654068,"y":0.1466117799282074,"z":-0.022220419719815255,"w":0.9780893921852112},"size":1.2247449159622193,"orthographic":false}